{
  "mainAssemblyName": "NoMess",
  "resources": {
    "hash": "sha256-/XpSu1X/NeNzGCxH+6gHC1E7smpSgHbbH4YiBFt85JU=",
    "jsModuleNative": {
      "dotnet.native.8.0.0.bhei1hk6t5.js": "sha256-LjLDIz9+J7uuiwMlQ4HbNx2BnSpphOtO2MwkoI28vdI="
    },
    "jsModuleRuntime": {
      "dotnet.runtime.8.0.0.myc5fqsyqy.js": "sha256-WdSX3HQvnBYF0KJLZoOyHvTzMHetaob6PV0Kn2K+QXw="
    },
    "wasmNative": {
      "dotnet.native.wasm": "sha256-Vr6ZXKoP77zgabrMIxQ1GbOkrxfx5XGqHO0odLhUIMY="
    },
    "icu": {
      "icudt_CJK.dat": "sha256-SZLtQnRc0JkwqHab0VUVP7T3uBPSeYzxzDnpxPpUnHk=",
      "icudt_EFIGS.dat": "sha256-8fItetYY8kQ0ww6oxwTLiT3oXlBwHKumbeP2pRF4yTc=",
      "icudt_no_CJK.dat": "sha256-L7sV7NEYP37/Qr2FPCePo5cJqRgTXRwGHuwF5Q+0Nfs="
    },
    "assembly": {
      "Microsoft.AspNetCore.Components.wasm": "sha256-MnV8WptwkmYszFeMkX33eT9Kek3mH17P1DJ+u0b6uTo=",
      "Microsoft.AspNetCore.Components.Web.wasm": "sha256-ivj7kxN8rrhTm1UV0H7dhsOewu6rhATFU2ZAG/YKLvA=",
      "Microsoft.AspNetCore.Components.WebAssembly.wasm": "sha256-Ws5szf6fWPAXna+XyWsAhavx+WDFcA/91DQ7iPRPCMs=",
      "Microsoft.Extensions.Configuration.Abstractions.wasm": "sha256-87sn2TYqgdZ95sXmavjKEzoEfMgHnYQ9LOvnMX+aZcI=",
      "Microsoft.Extensions.Configuration.Json.wasm": "sha256-Sxmy2ZS134URxbHEvdbS6NcQ3zXS7UWx/5ZPpwiW7FA=",
      "Microsoft.Extensions.Configuration.wasm": "sha256-jYqHUZ07UYWc8POk7xhas6xQYH7t1qoTcylqoDqncJk=",
      "Microsoft.Extensions.DependencyInjection.Abstractions.wasm": "sha256-VT6OMWdZ99ajDCw4vQzK8aCsvcFEbInKiPGHysPxE5M=",
      "Microsoft.Extensions.DependencyInjection.wasm": "sha256-gg8xZqJsBBrrNEyUGzYqhL3sqkuZ4AHAvdTdL9nZ0S0=",
      "Microsoft.Extensions.Logging.Abstractions.wasm": "sha256-+Fgk2a7GOZ76M3YfJ+0IDUowOMx8/LBnDwuIKQr+/IA=",
      "Microsoft.Extensions.Logging.wasm": "sha256-8BH+kQfjYuZWxprOICXJ4+tU0OdJOYDKN7G0S3zYYHI=",
      "Microsoft.Extensions.Options.wasm": "sha256-6DN1malfyp0G0uOYwQY0nIN60XdXpVXUXXw0X2c8V8E=",
      "Microsoft.Extensions.Primitives.wasm": "sha256-6187ynEahDlSLMBvD4vAmiLpZ3clRb5xu6rM7O8AxNo=",
      "Microsoft.JSInterop.wasm": "sha256-lXwhdv0Is9FMH/j0+WH3zoNWAGLbVaONtGucJ/4URQ0=",
      "Microsoft.JSInterop.WebAssembly.wasm": "sha256-CQVLCKiSxLN5ghyJZG3mhnMGRROdqrbNUjtAXB0nWb8=",
      "NoMess.wasm": "sha256-K4dHDnsGC/uSA3abvz2/2F8IrytpmgxYDiLHIikKGgk=",
      "System.Collections.Concurrent.wasm": "sha256-EEjsVG2yehHBgesQ72iS4hW3jUAlbG3YFhJbSZBThvQ=",
      "System.Collections.wasm": "sha256-rrylbyrFyu82PtAeOINndROR/gU8sQSF+7p69E5ILJE=",
      "System.ComponentModel.wasm": "sha256-Kg+Te+dUBA6OiPS3uVj+Poyamhf9bMlcL96uc+bTYWc=",
      "System.Console.wasm": "sha256-0yH0pOU7s8waVbdqOI5oMDGDudjZ5aosp46twJw9Zd8=",
      "System.Diagnostics.DiagnosticSource.wasm": "sha256-TdLQQEIF56Xi9rpanx1DXUMK81EYUXhstK7QW4Ja5ns=",
      "System.Linq.wasm": "sha256-LrbG7ORy6Ax595WKE9ujh83oIE0FMUNIg2/AkGqyqMg=",
      "System.Memory.wasm": "sha256-HxWkz7UwBh05wS2ZYKqwyRZs+fF4nOMIesDJVcSZKoQ=",
      "System.Net.Http.Json.wasm": "sha256-PJe/5luseGZYv4GkBYRZjph5FdB7j03kr9Jr74HED6Q=",
      "System.Net.Http.wasm": "sha256-63sA/bAAql23gK2haWD13T//SaK/uRBWR5FnypMESU8=",
      "System.Net.Primitives.wasm": "sha256-emZvTobQa3cKexz7jjmtC3+QkA7nKsB60ZTQJsppSlc=",
      "System.Private.CoreLib.wasm": "sha256-q0ZBlwpH4X64/AQvluFsG2v+NQ12KSp1cRqtes7QPdE=",
      "System.Private.Uri.wasm": "sha256-mwohagRUm7CeT2a1/nBV/UzRFUFRpyPUKQgdiji0RK0=",
      "System.Runtime.InteropServices.JavaScript.wasm": "sha256-LZb8xEakhpinTi1BzxxEA7Qcjvqwkzz9YDffOpSpa3A=",
      "System.Runtime.wasm": "sha256-Aey6uA6LNrgiUoFr7ZAOKHjHpuBushWBhW/ox4k7aVY=",
      "System.Text.Encodings.Web.wasm": "sha256-PPjgJMbaJy7HmAFbiVQDmuLd+9vm5X5Uxk2KptWctx4=",
      "System.Text.Json.wasm": "sha256-bWg4sY0OGcEGB/Xj6JCSLyuYR50lZ7rw+kMMe25/nGQ=",
      "System.Text.RegularExpressions.wasm": "sha256-3TnJ+gFbcLQWd64dQi9CTds871jRDrawlfFObiJJADY="
    }
  },
  "cacheBootResources": true,
  "debugLevel": 0,
  "linkerEnabled": true,
  "globalizationMode": "sharded",
  "extensions": {
    "blazor": {}
  }
}